date,username,to,replies,retweets,favorites,text,geo,mentions,hashtags,id,permalink
2020-04-09 16:36:25,farooqnadim,,0,0,0,"Coronavirus Update from italy in Urdu of 09-04-2020 #captainjeddah #captaincoronavirusupdate #COVIDー19 #COVID #covid19 #COVID19italia #virus #corona #situation #more #bad #StayHome",,,#captainjeddah #captaincoronavirusupdate #COVID #COVID #covid19 #COVID19italia #virus #corona #situation #more #bad #StayHome #StayHome,1248288669133344769,https://twitter.com/farooqnadim/status/1248288669133344769
2020-04-09 08:10:12,rA_SamuelBaumga,,0,0,3,"Short but interesting read from Neue Zürcher Zeitung on the current market situation and how each generation needs to learn this lesson, now it's the Millenials turn to live through a bull market. (Article in German) #investing #f…https://lnkd.in/eA8KfwE",,,#investing #f,1248161275059810304,https://twitter.com/rA_SamuelBaumga/status/1248161275059810304
2020-04-08 20:28:51,YIbnM,,0,30,20,"With #ArtificialIntelligence against the #Coronavirus by @zm_293_ https://link.medium.com/IihPNggFw5 cc: @sarbjeetjohal @IanLJones98 @enricomolinari @HeinzVHoenen @avrohomg @NevilleGaunt @NeilCattermull @AshokNellikar @DrJDrooghaag #technology @AlibabaGroup",,@zm_293_ @sarbjeetjohal @IanLJones98 @enricomolinari @HeinzVHoenen @avrohomg @NevilleGaunt @NeilCattermull @AshokNellikar @DrJDrooghaag @AlibabaGroup,#ArtificialIntelligence #Coronavirus #technology,1247984774335127553,https://twitter.com/YIbnM/status/1247984774335127553
2020-04-08 16:25:15,RARohde,,43,369,551,"Yesterday, the USA reported 1,939 deaths attributed to the coronavirus. Based on historical averages, that would suggest that more people died of coronavirus on that day than from any other cause. ",,,,1247923473273565184,https://twitter.com/RARohde/status/1247923473273565184
2020-04-08 15:57:53,LX_Newsroom,,0,4,27,"SWISS welcomes today’s decision by the Swiss Federal Council to provide Swiss aviation with liquidity if necessary to overcome the effects of the present coronavirus crisis. The decision ensures that SWISS can continue to keep Switzerland connected with the world. ",,,,1247916583604957191,https://twitter.com/LX_Newsroom/status/1247916583604957191
2020-04-08 14:08:01,Roche,,3,43,76,"Have you ever wondered what happens to the sample your doctor took from you? #COVID19 #SARSCoV2 #coronavirus ",,,#COVID19 #SARSCoV2 #coronavirus,1247888934983499776,https://twitter.com/Roche/status/1247888934983499776
2020-04-08 09:18:48,Thomas_Binder,Thomas_Binder,8,51,68,"Thread web That NEW corona virus SARS-CoV-2, ""causing"" COVID-19 with mortality rate ~0.1% (same as influenza) IS NOT A KILLER VIRUS we can read in the New England Journal of Medicine, the most important medical journal on this planet, since FEB. 28TH! https://www.nejm.org/doi/full/10.1056/NEJMe2002387",,,,1247816151587074048,https://twitter.com/Thomas_Binder/status/1247816151587074048
2020-04-08 08:17:22,RARohde,,2,11,9,"So far, it appears this coronavirus and pets... Ferrets, highly susceptible Cats, weakly susceptible, weak or rare spreading Dogs, probably not susceptible, no evidence of spreading Pigs, chickens, and ducks, not susceptible, no spreading. ",,,,1247800691764027392,https://twitter.com/RARohde/status/1247800691764027392
2020-04-07 18:00:30,ArtBasel,,1,3,11,"Fill your day (and ears ) with art. Take a break from Tuesday to check out the top culture podcasts to listen to during the coronavirus lockdown (via @TheArtNewspaper): http://bit.ly/2wx7eWr",,@TheArtNewspaper,,1247585055037444096,https://twitter.com/ArtBasel/status/1247585055037444096
2020-04-07 12:51:15,CoronaEnglish,,0,6,27,"Daniel Koch: 'We still have enough hospital beds and ICUs available in Switzerland' #CoronaInfoCh",,,#CoronaInfoCh,1247507227461791745,https://twitter.com/CoronaEnglish/status/1247507227461791745
2020-04-07 12:18:45,CoronaEnglish,,1,8,29,"Daniel Koch from @BAG_OFSP_UFSP on 590 new cases in the past 24h: 'Situation seems to be improving. However, it is too early to say that the problem has been solved. The problem is far from being solved' #CoronaInfoCH",,@BAG_OFSP_UFSP,#CoronaInfoCH,1247499051412717568,https://twitter.com/CoronaEnglish/status/1247499051412717568
2020-04-07 08:30:57,DrPascalMeier,,15,83,144,"Number of doctors & nurses who died on the coronavirus frontline in is growing - far from being old or having serious underlying health problems https://www.mirror.co.uk/news/uk-news/faces-doctors-nurses-who-died-21825137#ICID=Android_TMNewsApp_AppShare",,,,1247441722642247680,https://twitter.com/DrPascalMeier/status/1247441722642247680
2020-04-06 16:27:58,RARohde,,2,9,37,"Updated plot of coronavirus cases in South Korea. About 2/3 of confirmed cases have now recovered, and 1.8% have died. Unfortunately, there has been little progress as stopping the slow flow of new cases which remains at about 100 / day. ",,,,1247199378567319552,https://twitter.com/RARohde/status/1247199378567319552
2020-04-06 07:10:32,zermatt_tourism,,0,21,111,"In Zermatt lives the biggest Portuguese community outside Portugal. Many of them have remained here despite the coronavirus pandemic. We say thank you! #Zermatt #Matterhorn #ThankYou",,,#Zermatt #Matterhorn #ThankYou,1247059097792413697,https://twitter.com/zermatt_tourism/status/1247059097792413697
2020-04-06 06:30:40,WilsonUponSea,null4bl3,4,165,1863,"„During the Corona Virus outbreak of 2020 the world reach the pinnacle of technological achievement“",,,,1247049062228033537,https://twitter.com/WilsonUponSea/status/1247049062228033537
2020-04-06 01:02:10,CarperKiera,,0,0,0,"What coronavirus? ",,,,1246966393125449728,https://twitter.com/CarperKiera/status/1246966393125449728
2020-04-05 08:19:55,CoronaEnglish,,9,71,75,"'Joggers can infect others easily' says a Swiss infectiologist. Because of their fast & strong breathing they create more aerosols and could possibly infect people they pass by. #CoronaInfoCH #CoronaVirusSwitzerland",,,#CoronaInfoCH #CoronaVirusSwitzerland,1246714171229601792,https://twitter.com/CoronaEnglish/status/1246714171229601792
2020-04-05 06:31:05,AbdullahBoulad,,0,2,3,"The sooner we overcome #fear and start #learning we can achieve #personalgrowth during #COVID19 #coronavirus ",,,#fear #learning #personalgrowth #COVID19 #coronavirus,1246686780855857153,https://twitter.com/AbdullahBoulad/status/1246686780855857153
2020-04-04 20:29:55,Vaccinologist,,25,321,482,"#Ivermectin is an inhibitor of the #COVID19 #coronavirus #SARSCoV2 in vitro. A single treatment is able to effect ∼5000-fold reduction at 48h in #cellculture. Ivermectin warrants further investigation #clinicaltrials for possible benefits in humans. https://www.sciencedirect.com/science/article/pii/S0166354220302011",,,#Ivermectin #COVID19 #coronavirus #SARSCoV2 #cellculture #clinicaltrials,1246535493304692736,https://twitter.com/Vaccinologist/status/1246535493304692736
2020-04-04 13:25:24,MichellKaylee_,,1,0,18,"What's helping you get through this #COVID19 time? Check this link &gt; https://www.instagram.com/p/B-fLn6KneLL/?utm_source=ig_web_copy_link #luzern #coronavirus – at Luzern - Lucerne - Lucerna",,,#COVID19 #luzern #coronavirus,1246428657356333057,https://twitter.com/MichellKaylee_/status/1246428657356333057
2020-04-09 21:08:43,DrPascalMeier,,17,38,104," Child cancer nurse, 29, died alone at home in coronavirus self-isolation - called an ambulance but unfortunately too late https://www.mirror.co.uk/news/uk-news/child-cancer-nurse-29-died-21838739#ICID=Android_TMNewsApp_AppShare",,,,1248357196603297794,https://twitter.com/DrPascalMeier/status/1248357196603297794
2020-04-09 20:22:57,IlonaKickbusch,,0,12,11,"WHO's new funding appeal for coronavirus fight to top $1 billion - #COVID19 ⁦@WHO⁩",,@WHO,#COVID19,1248345679950471172,https://twitter.com/IlonaKickbusch/status/1248345679950471172
2020-04-09 15:01:35,samgadjones,,4,6,19,"The police love this don’t they? Years of community blah blah but now all those oppressed little Napoleons get to do what they’ve always wanted to, and shout at people in parks and rifle through scared shoppers’ trolleys.",,,,1248264803161985030,https://twitter.com/samgadjones/status/1248264803161985030
2020-04-09 12:59:04,JuergenKob,,0,0,0,"Helping People With Mental Health Conditions Manage Money #Fintech #health",,,#Fintech #health,1248233971156160512,https://twitter.com/JuergenKob/status/1248233971156160512
2020-04-09 10:49:59,cesarroblesb,,0,5,13,"Reminder to humanity: Coronavirus is not a social leveler. The virus does not discriminate, but we do. Our systems &amp; institutions discriminate against particular groups, and as a result they are more vulnerable to the impact (sickness, death, food systems shortage, job loss, etc)",,,,1248201487857025024,https://twitter.com/cesarroblesb/status/1248201487857025024
2020-04-09 06:57:02,gretlerc,,1,1,0,"Smoking may raise the risk of Covid-19 by elevating enzymes that allow the virus to gain access into lung cells, a study finds https://www.bloomberg.com/news/articles/2020-04-08/smoking-helps-open-gateway-to-coronavirus-infection-study-shows via @business",,@business,,1248142863948537857,https://twitter.com/gretlerc/status/1248142863948537857
2020-04-08 23:29:04,proteinimaging,,0,4,11,"Fun #SARSCov2 fact: nsp3 protein is a polyprotein made by 6 different domains. Only the structures of two of them have been solved so far. This one is the ADP ribose phosphatase. PDBid 6w02 #sciart #coronavirus #covid19",,,#SARSCov2 #sciart #coronavirus #covid19,1248030127323115520,https://twitter.com/proteinimaging/status/1248030127323115520
2020-04-06 12:31:26,DorotheaBaur,,0,3,7,"Last year, many companies announced a shift away from #shareholder primacy. Now is the time for them to prove that they mean it, ""by prioritising employees, contractors, suppliers &amp; communities over the short-term needs of shareholders"" #ESG #COVID19",,,#shareholder #ESG #COVID19,1247139852996444160,https://twitter.com/DorotheaBaur/status/1247139852996444160
2020-04-06 10:58:20,daya_sang,,0,0,0,"Testing reliability in india..!! #coronavirus #StayHomeIndia",,,#coronavirus #StayHomeIndia,1247116422230261760,https://twitter.com/daya_sang/status/1247116422230261760
2020-04-06 09:35:42,guelshaaa,,0,1,9,"klick. try not to cry. cry a lot.",,,,1247095630327144448,https://twitter.com/guelshaaa/status/1247095630327144448
2020-04-05 23:53:40,micafoakwa,,0,0,9,"3 months No Water Bill All Health Workers won’t pay Tax 50% allowance for 4 Months The way Ghanaians find it difficult to pay utilities and Nana Addo is making it free for three months dier unless Mahama promises us; One Man One Benz or brings the cure for Corona virus. ",,,,1246949156826079234,https://twitter.com/micafoakwa/status/1246949156826079234
2020-04-05 06:59:44,IlonaKickbusch,,0,1,2,"Wellcome statements on novel coronavirus #COVID2019 ⁦@GHFutures2030⁩",,@GHFutures2030,#COVID2019,1246693992118587392,https://twitter.com/IlonaKickbusch/status/1246693992118587392
2020-04-04 07:39:54,CHMelih,,2,5,10,"#coronavirus Fingertip-sized coronavirus vaccine 'ready in months' - BBC Science Focus Magazine ",,,#coronavirus,1246341713167364102,https://twitter.com/CHMelih/status/1246341713167364102
2020-04-03 11:00:24,DrPascalMeier,,4,79,115,"Aerosol transmission for #coronavirus possible. Surgical masks reduce coronavirus load in large respiratory droplets and in aerosols. #Covid19 pos. people using facemaks reduce onward transmission - new study in @nature https://www.nature.com/articles/s41591-020-0843-2/figures/1",,@nature,#coronavirus #Covid19,1246029781071781888,https://twitter.com/DrPascalMeier/status/1246029781071781888
2020-04-03 09:52:34,ElhamManea,,4,81,147,"In time of the #coronavirus and the crowded Saudi prisons, now is the time to insist on releasing #RaifBadawi more than ever. #FreeRaif",,,#coronavirus #RaifBadawi #FreeRaif,1246012709688262666,https://twitter.com/ElhamManea/status/1246012709688262666
2020-04-03 08:55:27,micafoakwa,,0,0,0,"French Doctors Say Potential New Treatment For Coronavirus Should Be Tested In Africa (Video) https://www.micafoakwa.com/2020/04/french-doctors-say-potential-new.html?spref=tw",,,,1245998336479502343,https://twitter.com/micafoakwa/status/1245998336479502343
2020-04-02 22:59:51,UrsBolt,,1,23,30,"#Coronavirus cases per 100'000 people Disturbing #COVID19 data, especially for New Yorkers &amp; Swiss. But maybe more #testing – as #Switzerland does – simply comes closer to the grim reality. Data: @Datagraver &amp; @jodigraphics15. #COVID19 #CoronaInfoCH #Masks4All",,@Datagraver @jodigraphics15,#Coronavirus #COVID19 #testing #Switzerland #COVID19 #CoronaInfoCH #Masks4All,1245848449410457607,https://twitter.com/UrsBolt/status/1245848449410457607
2020-03-27 10:26:28,Drimiculus,,3,40,165,"Social distancing #SocialDistanacing #coronavirus #natur #birds #COVID2019de #COVID2019 #SocialDistancingNow #hope",,,#SocialDistanacing #coronavirus #natur #birds #COVID2019de #COVID2019 #SocialDistancingNow #hope,1243484526699053056,https://twitter.com/Drimiculus/status/1243484526699053056
2020-03-26 22:44:26,TheocharousH,,3,24,49,"Cute messages from 2 little girls from Israel and Cyprus about #coronavirus. The first telling everyone to stay indoors as PM @netanyahu said and the other telling President @AnastasiadesCY to get rid of the virus and stop the quarantine so she can play with her cousins ",,@netanyahu @AnastasiadesCY,#coronavirus,1243307854892802049,https://twitter.com/TheocharousH/status/1243307854892802049
2020-03-25 19:25:38,DrPascalMeier,,12,66,106,"Carer, 21, dies of coronavirus, deteriorated so fast that ambulance arrived too late - overwhelmed health care system #COVID19 #tragic https://www.mirror.co.uk/news/uk-news/familys-heartbreak-carer-21-dies-21753839#ICID=Android_TMNewsApp_AppShare",,,#COVID19 #tragic,1242895434076565506,https://twitter.com/DrPascalMeier/status/1242895434076565506
2020-04-09 19:28:21,BAG_INT,,0,3,11,"#CoronaInfoCH The message, even over Easter, is to stay at home and not have friends or family round. Only then can we continue to curb the spread of the new #coronavirus. ",,,#CoronaInfoCH #coronavirus,1248331938018086913,https://twitter.com/BAG_INT/status/1248331938018086913
2020-04-09 10:03:56,technopark_zh,,0,1,4,"You've been longing for a clear overview of tools & resources helping startups in the current situation? Check out the @ICTinvestorclub cheat sheet with links on liquidity improvement, legal issues &amp; on the latest COVID-19 numbers and measures. ",,@ICTinvestorclub,,1248189897351012353,https://twitter.com/technopark_zh/status/1248189897351012353
2020-04-09 06:07:47,verovallieres,,0,0,1,"Impossible not to draw parallels between #COVIDー19 &amp; #ClimateChange. Both were predicted relentlessly by experts. Both are invisible and inspire a nonchalant response until it’s too late. Both show how unprepared we are to face these challenges.",,,#COVID #ClimateChange,1248130469369131015,https://twitter.com/verovallieres/status/1248130469369131015
2020-04-08 15:22:09,OliverSunnyvan,,0,0,0,"According to Nigeria Centre for Disease Control (NCDC) just announced that they've spent 1Billion Naira On SMS just to educate Nigerians. The Corona Virus pandemic is the new goldmine currently for the Nigeria politicians/ and other corrupt public office holders. #FreeBiafrans.",,,#FreeBiafrans,1247907592954929154,https://twitter.com/OliverSunnyvan/status/1247907592954929154
2020-04-08 02:09:03,Cyril_Chiffot,,0,6,8,"Italy’s Top News Agency Uses Blockchain to Fight Fake Coronavirus News #Blockchain #ethereum",,,#Blockchain #ethereum,1247707999742955526,https://twitter.com/Cyril_Chiffot/status/1247707999742955526
2020-04-07 22:13:47,AngeliciGiacomo,,0,0,0,"Enough positivity in the world, keep pushing negativity #coronavirus #nonandrábene",,,#coronavirus #nonandr,1247648795178999809,https://twitter.com/AngeliciGiacomo/status/1247648795178999809
2020-04-06 11:25:11,HofSwitzerland,,1,29,55,"""Even Swiss people accustomed to the relative efficiency of their country have been surprised at the speed of its economic coronavirus counterattack.” The @FinancialTimes about Switzerland's success in providing rapid support to small businesses.",,@FinancialTimes,,1247123179757330432,https://twitter.com/HofSwitzerland/status/1247123179757330432
2020-04-06 07:05:53,byruit,,0,0,0,"Horrible news #covid19",,,#covid19,1247057926336008192,https://twitter.com/byruit/status/1247057926336008192
2020-04-05 08:20:59,micafoakwa,,0,0,0,"Coronavirus 5G Conspiracy Theory Spreads In UK, Officials Call It ‘Dangerous Nonsense And Rubbish’ https://www.micafoakwa.com/2020/04/coronavirus-5g-conspiracy-theory.html?spref=tw",,,,1246714437576335362,https://twitter.com/micafoakwa/status/1246714437576335362
2020-04-04 17:23:50,hub_corona,,0,1,3,"10 recommendations for our mind during #COVID19 times. From our volunteer clinical psychologist Graciela Hoyos",,,#COVID19,1246488662382129152,https://twitter.com/hub_corona/status/1246488662382129152
2020-04-04 11:37:08,AndreFringer,,0,0,2,"„More than 40,000 former doctors, nurses, midwives and pharmacists are being urged to re-join the medical workforce, to bolster the front line in Australia's fight against coronavirus“. #MScNZHAW",,,#MScNZHAW,1246401412197756928,https://twitter.com/AndreFringer/status/1246401412197756928
2020-04-03 10:31:49,AdeccoGroup,,0,8,10,"#COVID19: Top 5 stories from the world of work: Job searches spike Business booms for small firms offering key services Leaders must ‘see the pandemic as a defining moment’ Companies turn to automation Who in the US is working from home? #TGIF #coronavirus",,,#COVID19 #TGIF #coronavirus,1246022586666045440,https://twitter.com/AdeccoGroup/status/1246022586666045440
2020-04-08 21:00:03,zdavatz,,1,0,0,"As the pandemic spreads across the globe, more nations have turned to China, a key manufacturer of medical equipment such as masks and ventilators. #collaboration is #key",,,#collaboration #key,1247992625551929344,https://twitter.com/zdavatz/status/1247992625551929344
2020-04-08 20:53:40,Franzosini,,0,0,0,"Restoring #restoring #coronavirus #COVIDー19 #COVID19 #WallpaperWednesday",,,#restoring #coronavirus #COVID #COVID19 #WallpaperWednesday,1247991019511123968,https://twitter.com/Franzosini/status/1247991019511123968
2020-04-08 20:01:51,JuergenKob,,0,0,0,"Read my Apr 8 Newsletter featuring … https://nzzl.us/rQh1W6F For News about #Blockchain, #Bitcoin &amp; Co please follow @cryptogarten",,@cryptogarten,#Blockchain #Bitcoin #Bitcoin,1247977980279824384,https://twitter.com/JuergenKob/status/1247977980279824384
2020-04-08 16:00:04,simerdmann,,0,0,0,"The effect of the virus on the Retail Industry #cognizant #retail",,,#cognizant #retail,1247917132928536577,https://twitter.com/simerdmann/status/1247917132928536577
2020-04-08 15:54:05,Vontobel,,0,2,1,"It’s time for your questions: Our newly appointed Chief Investment Officer Dan Scott will be sharing insights and answering your questions in our next #Coronavirus #MarketImpact live stream. Stay tuned.",,,#Coronavirus #MarketImpact,1247915628406636547,https://twitter.com/Vontobel/status/1247915628406636547
2020-04-08 14:10:04,micafoakwa,,0,0,0,"Coronavirus: Taxi Driver Beaten To Death By Security Operatives For Carrying Passengers Who Were Not Wearing Face Masks (Video) https://www.micafoakwa.com/2020/04/coronavirus-taxi-driver-beaten-to-death.html?spref=tw",,,,1247889453227491328,https://twitter.com/micafoakwa/status/1247889453227491328
2020-04-08 06:27:37,micafoakwa,,0,0,0,"Veterinary Doctor Warns People That Pets Can Pass Coronavirus Between Humans (Video) https://www.micafoakwa.com/2020/04/veterinary-doctor-warns-people-that.html?spref=tw",,,,1247773072016326663,https://twitter.com/micafoakwa/status/1247773072016326663
2020-04-07 15:59:24,Novartis,,2,0,8,"Learn more about the COVID-19 Response Fund and our response to the #coronavirus pandemic at http://www.novartis.com/coronavirus 3/3",,,#coronavirus,1247554576221339650,https://twitter.com/Novartis/status/1247554576221339650
2020-04-07 15:42:57,micafoakwa,,0,0,0,"14 Persons Out Of Over 7,000 Tested For Coronavirus Turns Positive https://www.micafoakwa.com/2020/04/14-persons-out-of-over-7000-tested-for.html?spref=tw",,,,1247550437059964928,https://twitter.com/micafoakwa/status/1247550437059964928
2020-04-07 14:59:06,micafoakwa,,0,0,0,"Miss England 2019 Hangs Up Her Crown, Returns To Work As A Doctor During Coronavirus Pandemic https://www.micafoakwa.com/2020/04/miss-england-2019-hangs-up-her-crown.html?spref=tw",,,,1247539402898673666,https://twitter.com/micafoakwa/status/1247539402898673666
2020-04-07 12:00:52,biognosys,,0,7,15,"We want to help you #workfromhome, so Biognosys is giving additional and extended software trials during the #Coronavirus pandemic. If you are interested, please contact software.trial@biognosys.com #proteomics #Spectronaut #SpectroDive #SpectroMine #lcms",,,#workfromhome #Coronavirus #proteomics #Spectronaut #SpectroDive #SpectroMine #lcms,1247494550664462338,https://twitter.com/biognosys/status/1247494550664462338
2020-04-05 07:55:19,IlonaKickbusch,,0,0,1,"The Coronavirus Pandemic Will Forever Alter the World Order - but Kissinger’s piece stills hopes for US leadership #COVID2019 #politvirus",,,#COVID2019 #politvirus,1246707976905334784,https://twitter.com/IlonaKickbusch/status/1246707976905334784
2020-04-04 17:12:06,MirkoBischBerg,,0,25,34,"Perfect #molecularbiology article on the #COVID2019 arsenal written in a way accessible to all by @carlzimmer",,@carlzimmer,#molecularbiology #COVID2019,1246485709529255938,https://twitter.com/MirkoBischBerg/status/1246485709529255938
2020-04-04 16:53:20,bernhardwehrli,,1,2,9,"Preliminary data on the presence of SARS-#CoronaVirus-2 in sewage ... @medrxivpreprint 1/2",,@medrxivpreprint,#CoronaVirus,1246480986541613061,https://twitter.com/bernhardwehrli/status/1246480986541613061
2020-04-04 10:24:31,montymetzger,,0,4,14,"Due to #Coronavirus #Quarantine people are forced to go digital. A study revealed a 72% rise in the usage of #fintech apps.",,,#Coronavirus #Quarantine #fintech,1246383136986091523,https://twitter.com/montymetzger/status/1246383136986091523
2020-04-04 10:19:16,CoronaEnglish,,17,2,19,"Share your ideas! It can be difficult indeed to resist the temptation of enjoying the nice weather this weekend in a way we used to. But we can get creative! Feel free to share your ideas in this thread about how to spend the day social distancing. Inspire others!",,,,1246381817151852544,https://twitter.com/CoronaEnglish/status/1246381817151852544
2020-04-04 09:40:56,micafoakwa,,0,0,0,"Nurses At Korle Bu Accident Centre Boycott Wards Until They Are All Tested For Coronavirus https://www.micafoakwa.com/2020/04/nurses-at-korle-bu-accident-centre.html?spref=tw",,,,1246372170076471296,https://twitter.com/micafoakwa/status/1246372170076471296
2020-04-08 15:37:24,Thomas_Binder,Thomas_Binder,3,8,7,"Thread web If a psychopath tells you: VIRUS, VIRUS, VIRUS..., one thing is for sure: IT IS WRONG! It is about 5G AND WIFI 6(?) et al. aka EMF pollution! Most sane people are not living in huge cities, but in small ones and in the countryside. ",,,,1247911430176804872,https://twitter.com/Thomas_Binder/status/1247911430176804872
2020-04-08 15:35:03,montymetzger,,0,0,14,"40 days ago I did the #Coronavirus test after my business trips to USA &amp; Italy. Although the test-result was negative, I stayed in #quarantine &amp; did work from home #WFH. So far this had been very productive 5 weeks &amp; 5 days. No time wasted in travel or physical meetings ",,,#Coronavirus #quarantine #WFH,1247910838213718016,https://twitter.com/montymetzger/status/1247910838213718016
2020-04-08 15:19:20,micafoakwa,,0,0,0,"Coronavirus Death Toll Might Rise If Entertainers Stop Working - Sarkodie Reveals (Video) https://www.micafoakwa.com/2020/04/coronavirus-death-toll-might-rise-if.html?spref=tw",,,,1247906880770445312,https://twitter.com/micafoakwa/status/1247906880770445312
2020-04-08 10:30:09,UPU_UN,,3,16,48,"#IndiaPost transports ventilators, #COVID19 Test Kits, medical equipment across #India with the help of #cargo #airlines and its own postal motor network http://ow.ly/rqsp50z7pJC #coronavirus @IndiaPostOffice @PostalHubPod @IndiainSwiss @IndianIcn @MoHFW_INDIA @TheOfficialSBI",,@IndiaPostOffice @PostalHubPod @IndiainSwiss @IndianIcn @MoHFW_INDIA @TheOfficialSBI,#IndiaPost #COVID19 #India #cargo #airlines #coronavirus,1247834107435868160,https://twitter.com/UPU_UN/status/1247834107435868160
2020-04-07 22:46:14,OG_Mkhedari,,0,0,0,"""Vladislav Valiev, a surgeon at the hospital in Tskhinval, wrote a statement to the director saying that he refused to go on duty until he received personal protective equipment..."" #Covid19",,,#Covid19,1247656961652461579,https://twitter.com/OG_Mkhedari/status/1247656961652461579
2020-04-07 16:11:00,Arjunnkumarr,KasthuriShankar,0,1,7,"BREAKING: Tablighi Jamat donates 2100 Coronavirus patients to PM Relief Fund. . Who said they not contributing",,,,1247557496325263366,https://twitter.com/Arjunnkumarr/status/1247557496325263366
2020-04-07 12:10:09,trading_boerse,,0,0,0,"#Oil rises 3% on hopes for output cut as #coronavirus ravages demand ",,,#Oil #coronavirus,1247496886212272130,https://twitter.com/trading_boerse/status/1247496886212272130
2020-04-06 15:58:40,CoachZFoster,,0,2,1,"13 Ways to Improve During the Coronavirus Lockdown (Coaches and Players): https://www.basketballforcoaches.com/improve-during-lockdown/ via @bballcoachmac",,@BballCoachMac,,1247192004649463808,https://twitter.com/CoachZFoster/status/1247192004649463808
2020-04-06 11:58:28,JamesEagle17,,0,0,1,"#Coronavirus infections and deaths are a lagging indicator. That's why difficult to see if the lockdowns are working. ",,,#Coronavirus,1247131557372088321,https://twitter.com/JamesEagle17/status/1247131557372088321
2020-04-05 20:30:16,DrPascalMeier,,9,28,37,"French football club physician, Dr Bernard Gonzalez, commits suicide after contracting coronavirus https://www.mirror.co.uk/sport/football/news/stade-reims-club-doctor-bernard-21818240",,,,1246897967153512449,https://twitter.com/DrPascalMeier/status/1246897967153512449
2020-04-05 16:25:48,micafoakwa,,0,0,0,"Coronavirus Pandemic Has Helped Reduce Adultery And Stealing In Ghana - Lil Win Says https://www.micafoakwa.com/2020/04/coronavirus-pandemic-has-helped-reduce.html?spref=tw",,,,1246836446968897538,https://twitter.com/micafoakwa/status/1246836446968897538
2020-04-05 08:29:08,R_Rissmann,,0,7,2,"Coronavirus: Hackers are now launching dozens of email scams each day | ZDNet #cybersecurity #privacy",,,#cybersecurity #privacy,1246716490226831362,https://twitter.com/R_Rissmann/status/1246716490226831362
2020-04-05 07:23:04,acemaxx,,0,2,0,"#coronavirus The situation in Italy and Spain, chart @FT https://on.ft.com/2V180DA",,@FT,#coronavirus,1246699863804346368,https://twitter.com/acemaxx/status/1246699863804346368
2020-04-05 06:18:53,Swiss_Security,,0,2,4,"Thank you for your trust in our company. Take care and stay at home! #staysafe #stayhome #COVID19 #coronavirus #SwissSecuritySolutions #takecare #security #safety #investigation #defence #swissdefencesolutions",,,#staysafe #stayhome #stayhome #COVID19 #coronavirus #SwissSecuritySolutions #takecare #security #safety #investigation #defence #swissdefencesolutions,1246683709501300737,https://twitter.com/Swiss_Security/status/1246683709501300737
2020-04-04 17:51:45,MvMeerveld,,1,6,10,"First study results from Australia: Anti-parasite drug ivermectin shown to be effective against coronavirus ",,,,1246495687417757701,https://twitter.com/MvMeerveld/status/1246495687417757701
2020-04-04 13:56:43,Syngenta,,0,3,15,"How US #Farmers Are Coping In Uncertain Times. Great read from @modfarm: https://modernfarmer.com/2020/03/surviving-covid-19-how-us-farmers-are-coping-in-uncertain-times/ #COVID19 #Coronavirus ",,@ModFarm,#Farmers #COVID19 #Coronavirus,1246436539267235841,https://twitter.com/Syngenta/status/1246436539267235841
2020-04-03 15:46:58,micafoakwa,,0,0,0,"Dog Company Asks For £1Million Donation To Help Train Dogs To 'Smell Coronavirus https://www.micafoakwa.com/2020/04/dog-company-asks-for-1million-donation.html?spref=tw",,,,1246101896353460226,https://twitter.com/micafoakwa/status/1246101896353460226
2020-04-03 12:28:11,lienu,,0,0,6," Hehe, in der Tat! #coronavirus #covid #COVID19 #COVID2019",,,#coronavirus #covid #COVID19 #COVID2019,1246051870491193344,https://twitter.com/lienu/status/1246051870491193344
2020-04-03 09:37:15,Vaccinologist,,12,254,384,"#Thread on symptomatic, pre-symptomatic, asymptomatic #transmission. A symptomatic #COVID19 case is a patient who developed signs &amp; symptoms compatible with #SARSCoV2 #coronavirus #infection. Symptomatic transmission refers to transmission from a person experiencing symptoms.",,,#Thread #transmission #COVID19 #SARSCoV2 #coronavirus #infection,1246008854162407424,https://twitter.com/Vaccinologist/status/1246008854162407424
2020-04-03 08:19:50,KargerPublisher,,0,8,7," Newest addition to our #COVID19 article collection: in this editorial, @bkimeijers, Piergiorgio Messa and @croncoIRRIV assess and suggest safeguarding options of hemodialysis patient population during the #coronavirus pandemic https://bit.ly/2JElrDS",,@bkimeijers @croncoIRRIV,#COVID19 #coronavirus,1245989371586793472,https://twitter.com/KargerPublisher/status/1245989371586793472
2020-04-07 21:39:27,IlonaKickbusch,,2,18,29,"Tracking Coronavirus in Countries With and Without Travel Bans | Think Global Health #COVID19",,,#COVID19,1247640155940323328,https://twitter.com/IlonaKickbusch/status/1247640155940323328
2020-04-07 18:13:19,MrRomiche,,0,0,0,"#coronavirus that we are going to beat with/.. you! ",,,#coronavirus,1247588280243236864,https://twitter.com/MrRomiche/status/1247588280243236864
2020-04-07 09:15:16,micafoakwa,,0,0,0,"HIV Drug Which Successfully Treats Coronavirus Is Moving To Phase 2 Trials https://www.micafoakwa.com/2020/04/hiv-drug-which-successfully-treats.html?spref=tw",,,,1247452874738749442,https://twitter.com/micafoakwa/status/1247452874738749442
2020-04-07 08:57:27,JurProject,,0,1,4,"According to http://legaltech.com, 5 points are affected by #coronavirus: Access to Justice Adversity Drives Change Evolving Workplaces Focus on Efficiency Tech Takes Center Stage How will this impact the law? ",,,#coronavirus,1247448388787933185,https://twitter.com/JurProject/status/1247448388787933185
2020-04-07 05:28:19,IlonaKickbusch,,0,8,3,"Coronavirus wreaks havoc in African American neighbourhoods #COVID19",,,#COVID19,1247395760414642176,https://twitter.com/IlonaKickbusch/status/1247395760414642176
2020-04-06 09:30:36,Syngenta,SyngentaCropsUK,1,3,11,"#Plant20 going strong in the UK, even with #coronavirus ",,,#Plant20 #coronavirus,1247094346006093824,https://twitter.com/Syngenta/status/1247094346006093824
2020-04-06 09:10:40,ClubOfRome,,0,6,12,"The world needs to pivot from “protectionism” to “strategic self-sufficiency”, argues CoR member @Cnomics https://www.scmp.com/week-asia/opinion/article/3078386/coronavirus-has-exposed-diseased-heart-global-economy via @scmpnews #COVID19",,@Cnomics @SCMPNews,#COVID19,1247089329874272256,https://twitter.com/ClubOfRome/status/1247089329874272256
2020-04-05 21:52:05,bernhardwehrli,,0,4,15,"Could sewage reveal true scale of coronavirus outbreak? ",,,,1246918555892944896,https://twitter.com/bernhardwehrli/status/1246918555892944896
2020-04-05 18:57:44,JPMillerSwitz,,0,3,0,"Coronavirus divides lovers, friends at Swiss-German border fences ",,,,1246874682915160066,https://twitter.com/JPMillerSwitz/status/1246874682915160066
2020-04-05 14:46:41,Sanostro,,0,0,3,"What would you expect from #politicians who initially did not act and did not take the #coronavirus seriously? They are now likely to:",,,#politicians #coronavirus,1246811502000181248,https://twitter.com/Sanostro/status/1246811502000181248
2020-04-05 09:26:28,micafoakwa,,0,0,0,"Kenyan Pastor Investigated In UK For Selling Oil He Claims Can Protect His Members From Coronavirus https://www.micafoakwa.com/2020/04/kenyan-pastor-investigated-in-uk-for.html?spref=tw",,,,1246730916346638336,https://twitter.com/micafoakwa/status/1246730916346638336
2020-04-05 04:36:31,Averygoodboy3,MisterAntiBully,0,1,4,"it's just a mild illness bro, less than 300 deatths, buddy",,,,1246657948929142789,https://twitter.com/Averygoodboy3/status/1246657948929142789
2020-04-05 00:16:21,fahiraxdizi,_jemira,0,0,0,"coronavirus, i guess. ",,,,1246592477441806342,https://twitter.com/fahiraxdizi/status/1246592477441806342
2020-04-04 16:22:24,gleonhard,,0,10,8,"What will the world be like after coronavirus? Four possible futures https://theconversation.com/what-will-the-world-be-like-after-coronavirus-four-possible-futures-134085?utm_source=twitter&amp;utm_medium=bylinetwitterbutton via @ConversationUK",,@ConversationUK,,1246473201137352709,https://twitter.com/gleonhard/status/1246473201137352709
2020-04-03 09:42:07,DZucchetti,,0,0,0,"Resources On Air Pollution and Coronavirus I have updated the page with more infos and links http://zucchetti.ch/resources-air-pollution-coronavirus",,,,1246010079897403392,https://twitter.com/DZucchetti/status/1246010079897403392
2020-04-03 07:50:54,philshem,JuliaRaifman,0,0,3,"We are meta-collecting datasets for control measures. Check out the resources here:",,,,1245982092510494724,https://twitter.com/philshem/status/1245982092510494724
2020-04-03 05:14:48,KochJanosch,,0,0,1,"Coronavirus : ces masques que les pays s'arrachent https://www.lesechos.fr/industrie-services/pharmacie-sante/des-cargaisons-de-masques-destinees-a-la-france-detournees-par-les-americains-1191241 That's what you get for blocking mask deliveries destined for Switzerland. C'est pour avoir bloqué le livraison des masques en Mars. #Coronavirus #Karma is a bitch",,,#Coronavirus #Karma,1245942808000806913,https://twitter.com/KochJanosch/status/1245942808000806913
2020-04-07 05:22:07,ballosisack,,0,0,0,"The Coronavirus has caught the Coronavirus",,,,1247394201622495232,https://twitter.com/ballosisack/status/1247394201622495232
2020-04-06 20:59:28,micafoakwa,,0,0,0,"UK Prime Minister Boris Johnson Moved To Intensive Care As Coronavirus Symptoms 'Worsen' https://www.micafoakwa.com/2020/04/uk-prime-minister-boris-johnson-moved.html?spref=tw",,,,1247267706136678400,https://twitter.com/micafoakwa/status/1247267706136678400
2020-04-06 19:20:02,JasonMeyersNYC,,1,0,0,"Prays go out to #PrimeMinister @BorisJohnson #Brexiteer #Brexit ",,@BorisJohnson,#PrimeMinister #Brexiteer #Brexit,1247242682596032512,https://twitter.com/JasonMeyersNYC/status/1247242682596032512
2020-04-06 16:04:57,lisachwinter,,0,0,2,"#Chatroulette has been resurrected during the coronavirus lockdowns https://mol.im/a/8185429 via @MailOnline",,@MailOnline,#Chatroulette,1247193587852419075,https://twitter.com/lisachwinter/status/1247193587852419075
2020-04-06 07:24:22,micafoakwa,,0,0,0,"Tiger At A Zoo In New York City Tests Positive For Coronavirus https://www.micafoakwa.com/2020/04/tiger-at-zoo-in-new-york-city-tests.html?spref=tw",,,,1247062579769417728,https://twitter.com/micafoakwa/status/1247062579769417728
2020-04-05 04:00:05,simerdmann,,0,0,0,"#Health insurance providers are taking action in response to the Coronavirus outbreak to help Americans remain a priority. #Healthcare",,,#Health #Healthcare,1246648781455540224,https://twitter.com/simerdmann/status/1246648781455540224
2020-04-05 00:58:53,micafoakwa,,0,0,0,"Pastor Chris Oyakhilome Explains The Relationship Between Coronavirus And 5G, Says It Is Part Of The Antichrist's Plan For A New World Order (Video) https://www.micafoakwa.com/2020/04/pastor-chris-oyakhilome-explains.html?spref=tw",,,,1246603180139524096,https://twitter.com/micafoakwa/status/1246603180139524096
2020-04-04 19:58:08,andreaskyriacou,,2,0,0,"Looks like @elonmusk wanted to check whether a paradox intervention could work… ""These machines can possibly increase the spread of infectious disease by aerosolizing the virus.""",,@elonmusk,,1246527494611746822,https://twitter.com/andreaskyriacou/status/1246527494611746822
2020-04-04 16:12:23,RuthBossart,,0,0,0,"positive stories in Zeiten von #coronavirus: Belly dancers to florists: Six African coronavirus heroes #staypositive",,,#coronavirus #staypositive,1246470683120599042,https://twitter.com/RuthBossart/status/1246470683120599042
2020-04-04 15:50:20,micafoakwa,,0,0,0,"French Doctor Apologizes After Asking For New Coronavirus Drug To Be Tested In Africa https://www.micafoakwa.com/2020/04/french-doctor-apologizes-after-asking.html?spref=tw",,,,1246465131804065793,https://twitter.com/micafoakwa/status/1246465131804065793
2020-04-04 10:10:18,THEPHILANTHRO10,,0,0,0,"An important initiative. #COVID-19 Clinical Research Coalition #oneforall #NGO",,,#COVID #oneforall #NGO,1246379558724567041,https://twitter.com/THEPHILANTHRO10/status/1246379558724567041
2020-04-04 08:41:21,PharmaExcipient,,0,1,0,"Microneedle array delivered recombinant #coronavirus #vaccines: Immunogenicity and rapid translational development (Full research paper as PDF) #microneedles",,,#coronavirus #vaccines #microneedles,1246357176060444673,https://twitter.com/PharmaExcipient/status/1246357176060444673
2020-04-04 05:43:50,ViktorBaranoff,,0,0,0,"#EGYPT: Doctors and nurses abandon hospital full of Chinese #Coronavirus patients https://barenakedislam.com/2020/04/03/egypt-doctors-and-nurses-abandon-hospital-full-of-chinese-corona-virus-patients/ via @barenakedislam",,@barenakedislam,#EGYPT #Coronavirus,1246312501551280129,https://twitter.com/ViktorBaranoff/status/1246312501551280129
2020-04-03 23:49:05,micafoakwa,,0,0,0,"Cristiano Ronaldo Told He ‘Must Accept £62.5 Million Transfer, Agree Wage Cut Or Quit Juventus For Free In 2022’ Amid Coronavirus Chaos https://www.micafoakwa.com/2020/04/cristiano-ronaldo-told-he-must-accept.html?spref=tw",,,,1246223224704241665,https://twitter.com/micafoakwa/status/1246223224704241665
2020-04-03 18:37:59,HmsGerlach,,12,53,86,"The Dutch government’s position is shortsighted & only makes sense if it will never, under any circumstances, ask the EU for help with anything. — If coronavirus sinks the eurozone, the 'frugal four' will be to blame | David Adler and Jerome Roos ",,,,1246144936891777024,https://twitter.com/HmsGerlach/status/1246144936891777024
2020-04-03 15:02:03,BIS_org,,3,10,14,"The #BaselCommittee encourages banks applying expected credit loss accounting to use the flexibility built into the framework &amp; adjusts transitional capital arrangements #coronavirus #IFRS9 https://www.bis.org/bcbs/publ/d498.htm",,,#BaselCommittee #coronavirus #IFRS9,1246090594058993668,https://twitter.com/BIS_org/status/1246090594058993668
2020-04-03 14:55:49,CoronaEnglish,,1,1,8,"Gotthard tunnel will not be closed for easter. #CoronaInfoCH",,,#CoronaInfoCH,1246089024386801664,https://twitter.com/CoronaEnglish/status/1246089024386801664
2020-04-03 12:44:15,micafoakwa,,0,0,0,"Coronavirus: 6,000 Contacts Traced, Samples Taken For Testing Throughout The Country - GH https://www.micafoakwa.com/2020/04/coronavirus-6000-contacts-traced.html?spref=tw",,,,1246055916941774849,https://twitter.com/micafoakwa/status/1246055916941774849
2020-04-03 10:28:24,Kaisa_SD,,0,0,0,"UN secretary general: recovery from the coronavirus crisis must lead to a better world #coronavirus #pandemic",,,#coronavirus #pandemic,1246021726187724800,https://twitter.com/Kaisa_SD/status/1246021726187724800
2020-04-04 22:40:21,OG_Mkhedari,,0,0,0,"What a mess! #COVID19 https://jam-news.net/easter-liturgy-in-georgia-to-go-ahead-despite-coronavirus-crisis-%ef%bb%bf/",,,#COVID19,1246568314870038533,https://twitter.com/OG_Mkhedari/status/1246568314870038533
2020-04-04 17:39:39,nicolamlow,,1,4,10,"2. The data Michael Day shows can't show that “the large majority of coronavirus infections do not result in symptoms.” You can’t extrapolate a proportion, taken from data about people tested once, to make a general claim about the natural history of SARS-CoV-2. 3/9",,,,1246492645112926208,https://twitter.com/nicolamlow/status/1246492645112926208
2020-04-04 17:28:40,IBBYINT,,1,17,16,"IBBY President Mingzhou Zhang has initiated a translation and reading programme called Picture Books About COVID-19 for Children Around the World. 11 picture books in over 10 languages: http://lifetreebooks.org.cn #coronavirus Illustration: #RogerMello",,,#coronavirus #RogerMello,1246489881016184832,https://twitter.com/IBBYINT/status/1246489881016184832
2020-04-04 17:16:52,BagueraDaniela,,0,0,0,"Maschera si, maschera no La terra del virus Recommendation Regarding the Use of Cloth Face Coverings | CDC #COVID2019 #COVID19",,,#COVID2019 #COVID19,1246486909821558786,https://twitter.com/BagueraDaniela/status/1246486909821558786
2020-04-04 15:08:08,JuergenKob,,0,0,1,"Unemployment Insurance Claims Double To 6.6 Million In Just One Week Due To Coronavirus #Insurance",,,#Insurance,1246454513726259200,https://twitter.com/JuergenKob/status/1246454513726259200
2020-04-04 12:11:09,RogerHilfiker,,1,1,5,"„Germany has a low coronavirus mortality rate: Here's why: this meant we had more hospital beds, more ventilators, more ICU (Intensive Care Units) beds and more hospital doctors, roughly speaking, than any other comparable country in Europe ... „ ",,,,1246409974076641281,https://twitter.com/RogerHilfiker/status/1246409974076641281
2020-04-04 07:22:00,reat_ch,,1,1,3,"«Under react, over react, you’re damned if you do and damned if you don’t. It is inevitable that things will go wrong. A perfect pandemic response is not possible. But who will remember this in the coronavirus blame games?» ",,,,1246337205338923008,https://twitter.com/reat_ch/status/1246337205338923008
2020-04-04 05:57:48,MVyrla,,0,1,1,"The first country I'll visit after coronavirus? There's no contest https://www.telegraph.co.uk/travel/destinations/europe/greece/articles/greece-best-country/?WT.mc_id=tmg_share_tw via @TelegraphTravel#Greece#holidays#after corona virus",,@TelegraphTravel,,1246316015878799360,https://twitter.com/MVyrla/status/1246316015878799360
2020-04-03 15:07:30,Rainy25531208,,0,0,0,"Tell ICE to free immigrants in danger of COVID-19. #FreeThemAll",,,#FreeThemAll,1246091963713163264,https://twitter.com/Rainy25531208/status/1246091963713163264
2020-04-03 14:22:13,ConciergeJabez,,0,0,0," Concierge Roger Jabez, now in the quarantine period at Covid 19 (Corona Virus), has suspended all his international itineraries for the first half of 2020. In the meantime, we will be publishing photos and… https://www.instagram.com/p/B-eTNVjjlem/?igshid=3kxwlrcdcjl7",,,,1246080570922319884,https://twitter.com/ConciergeJabez/status/1246080570922319884
2020-04-03 12:55:15,SchrannerAG,,0,0,2,"THANK YOU AGAIN TO EVERYONE WHO JOINED US ON TODAY'S FREE WEBINAR HOSTED BY OUR CEO & FOUNDER MATTHIAS SCHRANNER @schrannerms! #negotiation #venturedeal #crisisnegotiations #coronavirus ",,@schrannerms,#negotiation #venturedeal #crisisnegotiations #coronavirus,1246058685501190144,https://twitter.com/SchrannerAG/status/1246058685501190144
2020-04-03 12:36:00,AdeccoGroup,,0,9,15," What will the post-pandemic world of work look like? Stay tuned for next week's @Monocle24 episode of The Way To Work podcast with @AlainDehaze to find out. Check out the teaser here https://monocle.com/radio/shows/the-briefing/2187/ #covid19 #coronavirus #TGIF",,@Monocle24 @AlainDehaze,#covid19 #coronavirus #TGIF,1246053838295105538,https://twitter.com/AdeccoGroup/status/1246053838295105538
2020-04-03 12:20:08,JuergenKob,,0,0,1,"Tech specialists partner up to offer coronavirus solution #Insurance",,,#Insurance,1246049844634030081,https://twitter.com/JuergenKob/status/1246049844634030081
2020-04-03 11:39:34,hlb54,,0,1,2,"You Have Coronavirus — Now What Happens? https://health.clevelandclinic.org/you-have-coronavirus-now-what-happens/ via @clevelandclinic",,@ClevelandClinic,,1246039636616663041,https://twitter.com/hlb54/status/1246039636616663041
2020-04-03 11:25:29,micafoakwa,,0,0,0,"Coronavirus: Indian Couple Name Their Newborn Twins Born During Lockdown 'Corona' and 'Covid' (Photo) https://www.micafoakwa.com/2020/04/coronavirus-indian-couple-name-their.html?spref=tw",,,,1246036094854012928,https://twitter.com/micafoakwa/status/1246036094854012928
2020-04-03 08:57:43,Anne_Re_Keller,,0,0,1,"It will take all of us to defeat the #covid19 pandemic. Let’s stand as one and urge world leaders to join a global pandemic response plan. #ONEWorld",,,#covid19 #ONEWorld,1245998906829389825,https://twitter.com/Anne_Re_Keller/status/1245998906829389825
2020-04-03 07:42:52,Iamcohelo,,0,0,0,"#coronavirus Organism weakened by misfood, air pollution, destruction of our environment, and if COVID19 was just a warning ...or a chance to stop repeating the same mistakes? Choice : paradis or hell ?",,,#coronavirus,1245980067974524928,https://twitter.com/Iamcohelo/status/1245980067974524928
2020-04-03 07:29:32,simerdmann,,0,0,0,"Newly developed #AI tool uses algorithm that could help doctors deciding where to prioritize care in resource-stretched #healthcare systems #LifeSciences",,,#AI #healthcare #LifeSciences,1245976715022569473,https://twitter.com/simerdmann/status/1245976715022569473
2020-04-03 04:54:40,ReinhardFurrer,EvaCantoni,0,6,12,"A statistician’s guide to coronavirus numbers ",,,,1245937741667368960,https://twitter.com/ReinhardFurrer/status/1245937741667368960
2020-03-27 16:37:38,Maimasah,,2,11,22,"The people of #WesternSahara want to show their solidarity with all Nations of the world !! We wish you a very fast recovery from this situation of #Covid_19 #coronavirus #coronavirusEspana #CoronavirusFrance #CoronavirusPandemic @WesternSaharaAC ",,@WesternSaharaAC,#WesternSahara #Covid_19 #coronavirus #coronavirusEspana #CoronavirusFrance #CoronavirusPandemic,1243577934822232064,https://twitter.com/Maimasah/status/1243577934822232064
2020-04-04 04:05:17,TTulin2,,1,0,0,"Coronavirus coronavirus is really challenge people psychisch one wroth can be very substitute a Angriff symptom !",,,,1246287701768355842,https://twitter.com/TTulin2/status/1246287701768355842
2020-04-04 02:47:07,IAmTroyR,mike_hedlund,0,0,0,"Dude, fuck that. I'd rather have coronavirus. Nope.",,,,1246268028360237056,https://twitter.com/IAmTroyR/status/1246268028360237056
2020-04-03 23:38:33,swissbusiness,,0,1,0,"Swiss still far from coronavirus peak as deaths, cases rise: officials - The Guardian ",,,,1246220576915513345,https://twitter.com/swissbusiness/status/1246220576915513345
2020-04-03 22:26:36,OG_Mkhedari,,0,0,0,"""27 of those infected with coronavirus have recovered. One of them is a 81-year-old woman."" #Covid19",,,#Covid19,1246202470201724930,https://twitter.com/OG_Mkhedari/status/1246202470201724930
2020-04-03 22:14:16,Nightingal_news,,0,0,0,"How diseases rise and fall with the seasons—and what it could mean for #coronavirus | Science | AAAS ",,,#coronavirus,1246199365544312832,https://twitter.com/Nightingal_news/status/1246199365544312832
2020-04-03 19:17:58,DulipDiyagamage,,0,0,0,"Man dies after hundreds of people exposed to coronavirus walked around world's busiest airport ",,,,1246154997756239873,https://twitter.com/DulipDiyagamage/status/1246154997756239873
2020-04-03 15:38:35,JasonMeyersNYC,,0,0,0,"needless to say...#CoronavirusPandemic #coronavirus ",,,#CoronavirusPandemic #coronavirus,1246099787788759040,https://twitter.com/JasonMeyersNYC/status/1246099787788759040
2020-04-03 12:46:17,gioclair,,0,1,5,"A 30 something gym buddy I crossed in the street two weeks ago told me. “Oh, I wish I just got it. So it’d be over.” Hey, that’s not true, girl. You might have sequels that last forever: “For some survivors, coronavirus complications can last a ‘lifetime’ ",,,,1246056428470767616,https://twitter.com/gioclair/status/1246056428470767616
2020-04-03 10:56:57,gioclair,,2,2,9,"Months, it will take months before we can go back to normal life. The over 65 or 70 may have to wait until a vaccine is ready (12 to 18 months): “Americans are underestimating duration of coronavirus crisis, experts say” ",,,,1246028913656180738,https://twitter.com/gioclair/status/1246028913656180738
2020-04-03 08:56:00,micafoakwa,,0,0,0,"A man infected with COVID-19 spat in another man's face as they waited to board a train. The coronavirus-stricken man later dropped dead. ",,,,1245998474874806272,https://twitter.com/micafoakwa/status/1245998474874806272
2020-04-03 07:50:38,trader_ferreira,,0,0,1," Millions of people around the world are losing their jobs, the #coronavirus pandemic is starting to get ugly. https://www.ft.com/content/230d7695-b29a-45f2-a920-a72924f5e384",,,#coronavirus,1245982025401733120,https://twitter.com/trader_ferreira/status/1245982025401733120
2020-04-03 07:38:56,FlyedelweissF,,0,0,3,"Our A340 HB-JMF on its way from ZRH via HKT to SYD to take people back to Switzerland #coronavirus Btw did you know that an EDW A340 (HB-JMG) was back in September 2018 in Sydney ? This A340 was on around the world trip. #edwgang",,,#coronavirus #edwgang,1245979081071628289,https://twitter.com/FlyedelweissF/status/1245979081071628289
2020-04-03 07:35:48,AdeccoGroup,,0,5,8," When it comes to health and #wellbeing, we need a holistic approach because we’re dealing with whole people. Consider 4 dimensions: Physical &amp; Mental health Social inclusion Sense of purpose -- @HansenCynthia for @Monocle24 #TGIF #coronavirus",,@HansenCynthia @Monocle24,#wellbeing #TGIF #coronavirus,1245978291200237569,https://twitter.com/AdeccoGroup/status/1245978291200237569
2020-04-03 07:15:12,TTulin2,,0,0,0,"Trump quote Coronavirus under control will go away in few months! Aber why people keep death in USA ?",,,,1245973109284450309,https://twitter.com/TTulin2/status/1245973109284450309
2020-04-03 06:31:03,KohlerDaniele,,0,0,0,"'HPE CEO Antonio Neri: It’s Too Early To ‘Assess The Impact’ Of The Coronavirus On IT Demand' https://dy.si/HqDre",,,,1245961996912037890,https://twitter.com/KohlerDaniele/status/1245961996912037890
2020-04-03 04:19:26,KatharinaStaerk,,0,1,2,"#coronavirus New cases displayed graphically by Johns Hopkins University ",,,#coronavirus,1245928872522088449,https://twitter.com/KatharinaStaerk/status/1245928872522088449
2020-04-02 13:08:05,wordsbymt,,0,2,10,"I know times are weird and stressful for everybody, but follow the recommended processes, take a deep breath and calm down. #coronavirus #covid19",,,#coronavirus #covid19,1245699524963729409,https://twitter.com/wordsbymt/status/1245699524963729409
2020-04-01 13:45:17,EllesEconomy,,12,4,32,"Funny how I’m not hearing much from all those who kept arguing with me that the reaction to the #coronavirus was ridiculous partisan hyperbole. These numbers are heartbreaking and even worse, didn’t need to be so high of people had just looked at what was happening in #Italy!",,,#coronavirus #Italy,1245346500089085954,https://twitter.com/EllesEconomy/status/1245346500089085954
2020-03-24 10:26:36,knlsoni,,3,10,18,"The super woke went from crying about the Uighurs in China to praising them in how they ‘dealt’ with Coronavirus. The fickleness is outstanding.",,,,1242397396941897729,https://twitter.com/knlsoni/status/1242397396941897729
2020-04-02 21:52:47,GiovannyLeon,michaelzlin,0,1,1,"Very interesting and informative tread about the #Coronavirus name impact and how #DiseaseName selection confuse Any views about it? @CDCgov @JohnNosta @EricTopol @BillGates",,@CDCgov @JohnNosta @EricTopol @BillGates,#Coronavirus #DiseaseName,1245831571023765505,https://twitter.com/GiovannyLeon/status/1245831571023765505
2020-04-02 14:53:08,RupaMukerji,Helvetas,1,4,10,"A super short blog that may help us deal with what we are feeling today - as a species, interconnected and one #coronavirus #Grief",,,#coronavirus #Grief,1245725960235876352,https://twitter.com/RupaMukerji/status/1245725960235876352
2020-04-01 19:33:13,choumde,,1,0,7,"23 days #Quarantine #physical #distancing... #dogs #coronavirus #StayHome #iorestoacasa @dogandpuplovers @dogsarezbest",,@dogandpuplovers @dogsarezbest,#Quarantine #physical #distancing #dogs #coronavirus #StayHome #StayHome #iorestoacasa #iorestoacasa,1245434060853436417,https://twitter.com/choumde/status/1245434060853436417
2020-04-01 15:52:35,khazaei_parviz,,0,3,9," The UN Secretary General (.@antonioguterres) has called for an immediate #GlobalCeasefire to fight the #Coronavirus instead. I've just backed the call -- join me here &amp; RT: https://fb.avaaz.org/campaign/en/global_ceasefire_121/?wwmFoob",,@antonioguterres,#GlobalCeasefire #Coronavirus,1245378535709171712,https://twitter.com/khazaei_parviz/status/1245378535709171712
2020-04-01 13:02:41,EllesEconomy,Nasdaq,3,3,6,"After the worst Q1 in history, markets kick off April in the red as the US contemplates death estimates from #coronavirus that are way above what most thought possible ",,,#coronavirus,1245335780324753410,https://twitter.com/EllesEconomy/status/1245335780324753410
2020-04-01 03:36:12,gostev,,4,3,19,"Dr. Vladimir Zelenko has now treated 699 coronavirus patients with 100% success using Hydroxychloroquine Sulfate, Zinc and Z-Pak [UPDATES] ",,,,1245193219345993731,https://twitter.com/gostev/status/1245193219345993731
2020-03-31 22:09:40,JDBiswakarma,,1,0,12,"Since lockdown I am actively sharing information on #coronavirus #COVID19 for public awareness, for Assam #India My family back home continues to provide health care and other facilities. Here I’m giving a media bite from #Zurich through the state News Chanel AssamTalk!",,,#coronavirus #COVID19 #India #Zurich,1245111042079887360,https://twitter.com/JDBiswakarma/status/1245111042079887360
2020-03-31 15:11:20,justinjesso_,,1,1,17,"Almost a month since my last performance @SwissMusicAward . It was the start of Coronavirus threat in Switzerland. The next day, they banned all events over 1000 people. #proactivegovernment . Here’s a little BTS… https://www.instagram.com/p/B-ZwF-oghP0/?igshid=w9fq07wby7s9",,@SwissMusicAward,#proactivegovernment,1245005764978266113,https://twitter.com/justinjesso_/status/1245005764978266113
2020-03-30 19:30:17,StresaTravel,,0,1,3,"Tomorrow 31/03/20 at 12.00 Italy will observe a minute's silence for all the victims of the coronavirus, to honour all the medical staff, to give each other strength and as a sign of hope for the future. As in other… https://www.instagram.com/p/B-XpxosHa4C/?igshid=g2ige58x102s",,,,1244708547671310337,https://twitter.com/StresaTravel/status/1244708547671310337
2020-03-30 09:39:38,petromatrix,,0,1,8,"Germany coronavirus deaths not making any headlines.",,,,1244559902619635712,https://twitter.com/petromatrix/status/1244559902619635712
2020-03-28 21:29:25,UrsBolt,,0,2,5,"Grounded #Swiss airplanes at #Zurich Airport today. #Coronavirus #ZRH #Lockdown #CoViDー19 #Pandemic #Grounding",,,#Swiss #Zurich #Coronavirus #ZRH #Lockdown #CoViD #Pandemic #Grounding,1244013750136471552,https://twitter.com/UrsBolt/status/1244013750136471552
2020-03-27 20:29:30,IcicleUK,,1,4,12,"Matterhorn messages! Projected images and Coronavirus advice messages are being projected onto the #Matterhorn from #Zermatt, to use the iconic mountain as a screen to help keep the population safer and more optimistic. https://www.bbc.co.uk/news/world-europe-52069273 @IcicleLakesHQ",,@IcicleLakesHQ,#Matterhorn #Zermatt,1243636286432346112,https://twitter.com/IcicleUK/status/1243636286432346112
2020-03-27 17:13:57,katrinluethy,,1,0,6,"When your company ski trip is cancelled but you’re having a conf call instead. #eventprofs #COVID2019 #Corona #coronavirus #HomeOfficeChallenge",,,#eventprofs #COVID2019 #Corona #coronavirus #HomeOfficeChallenge,1243587074202230784,https://twitter.com/katrinluethy/status/1243587074202230784
2020-03-27 13:50:23,DrPascalMeier,RudyGiuliani,1,5,7,"View of @realDonaldTrump advicer and #CoronaVirus expert - or a #Covidiot?",,@realDonaldTrump,#CoronaVirus #Covidiot,1243535842196557825,https://twitter.com/DrPascalMeier/status/1243535842196557825
2020-03-26 23:54:58,MoritzFutscher,,2,2,3,"Our whole life is in Zurich, but we are not. All because since 49 hours ago you need a certain document to enter, which they don’t hand out anymore. @SwissMFA #Schweiz #Switzerland #Coronavirus (4/4)",,@SwissMFA,#Schweiz #Switzerland #Coronavirus,1243325602721083393,https://twitter.com/MoritzFutscher/status/1243325602721083393
2020-03-26 20:32:48,GraceHDavis,,0,0,16,"Day 13 of quarantine. But happy hour with my fellow @ucdavis Evolutionary Anthropology grad students makes life a little sweeter #COVID2019 #coronavirus @UCDLandS",,@ucdavis @UCDLandS,#COVID2019 #coronavirus,1243274726044295168,https://twitter.com/GraceHDavis/status/1243274726044295168
2020-03-25 22:28:46,micafoakwa,,1,2,16,"Coronavirus crisis has exposed the fake pastors like Obinim in Ghana. - Kennedy Agyapong ",,,,1242941524100501506,https://twitter.com/micafoakwa/status/1242941524100501506
2020-03-25 11:40:27,DrPascalMeier,,3,4,12,"Prince Charles tests positive for Coronavirus #COVID19 https://www.bbc.co.uk/news/amp/uk-52033845?__twitter_impression=true",,,#COVID19,1242778368669560832,https://twitter.com/DrPascalMeier/status/1242778368669560832
2020-03-25 08:06:22,ssinhaleite,,2,1,4,"@jairbolsonaro, Brazilian president, goes live to national TV last night to say: -schools should reopen cause kids won't die of #coronavirus -there's no need to close our stores and non essential commerce -90% of people won't be affected by the virus -this is just a small cold",,@jairbolsonaro,#coronavirus,1242724492599754753,https://twitter.com/ssinhaleite/status/1242724492599754753
2020-03-25 04:02:13,Voegizug,ivo815,0,1,4,"As the no deaths soared past 400 Trump reassured Americans that everything would be OK + it would all be over soon. Even as he acknowledged coronavirus as an invisible enemy that’s attacking more than 140 countries, the self-proclaimed wartime president predicted a great victory. ",,,,1242663048621498375,https://twitter.com/Voegizug/status/1242663048621498375
2020-03-25 03:00:15,khazaei_parviz,JosepBorrellF,0,1,1," While @MSF sent a team and temporary hospital unit 2 Iran&amp; @khamenei_ir rejected/expelled them from Iran,@JosepBorrellF sends 20 million euros in humanitarian aid 2 #Iran in the name of fighting against #CoronaVirus,but in reality 2 be spent on TERRORISM. #IslamicRepublicVirus",,@MSF @khamenei_ir @JosepBorrellF,#Iran #CoronaVirus #IslamicRepublicVirus,1242647454782193664,https://twitter.com/khazaei_parviz/status/1242647454782193664
2020-03-25 01:02:16,winnie_chily,,0,0,0,"So ist es.. #COVID19 #coronavirus #jobs",,,#COVID19 #coronavirus #jobs,1242617765602701312,https://twitter.com/winnie_chily/status/1242617765602701312
2020-03-24 22:04:35,melissabean82,euroadvo,0,0,1,"I'm filing that one next to the queue I witnessed outside of Louis Vuitton on Bahnhofstrasse in Zürich, because they had a 50 pax max capacity rule due to the Coronavirus just over a week ago.",,,,1242573050945699846,https://twitter.com/melissabean82/status/1242573050945699846
2020-03-24 21:46:04,swissonlinedati,,0,0,0,"Switzerland Introduces Border Control Starting Wednesday Amid Coronavirus Pandemic UrduPoint News ",,,,1242568390834708481,https://twitter.com/swissonlinedati/status/1242568390834708481
2020-03-24 21:17:04,wordsbymt,10NewsFirst,0,0,0,"The #Coronavirus has achieved something historic: it has suspended democracy in Australia. Yes, democracy in Australia has been suspended for six month. ",,,#Coronavirus,1242561091365986310,https://twitter.com/wordsbymt/status/1242561091365986310
2020-03-24 20:41:33,EllesEconomy,,1,6,11,"The #coronavirus seems to be evolving as the demographics of its victims is changing. First death of a minor &amp; In LA County 80% of cases involve patients between ages of 18 to 65; 42% are in the 18 to 40 range ",,,#coronavirus,1242552152855363587,https://twitter.com/EllesEconomy/status/1242552152855363587
2020-03-24 20:32:21,baccomarano,,0,0,0,"2020 Tokyo Olympics postponed to 2021 due to coronavirus. The right decision! The health of the athletes is the most important thing. I hope the same from each international sports federation. It’s unreal to think of… https://www.instagram.com/p/B-IUGvrjRUa/?igshid=c5pvopu3sic3",,,,1242549838253821955,https://twitter.com/baccomarano/status/1242549838253821955
2020-03-24 17:34:37,Voegizug,,0,0,0,"2/2 long awaited Tiny Desk concert at my desk. Now the world has changed, and with the coronavirus keeping us at a distance, we're taking a break from filming Tiny Desks at the office for a while. Angenehmen Abend !! https://youtu.be/KZk3eoAb6Ck Soccer Mommy Tiny Desk (Home) Concert",,,,1242505111106174976,https://twitter.com/Voegizug/status/1242505111106174976
2020-03-24 15:31:57,AlexCiherean,,0,0,0,"Olympic Games officially postponed to 2021... I have one more year to qualify #Tokyo2020 #Tokyo2021 #triathlon #COVID19 #coronavirus #COVID2019 #coronavirus",,,#Tokyo2020 #Tokyo2021 #triathlon #COVID19 #coronavirus #COVID2019 #coronavirus,1242474239917260801,https://twitter.com/AlexCiherean/status/1242474239917260801
2020-03-24 14:49:38,Enjik,SwissWorldCargo,0,0,0,"I‘d like to charter the Coronavirus to hell. Thanks.",,,,1242463591762145280,https://twitter.com/Enjik/status/1242463591762145280
2020-03-24 12:52:38,ShiekhYasir3,,0,0,0,"Are we going to see and a new financial system being formed and #china on the top of the system. #COVID2019 #FederalReserve #StockMarket #CryptoNews #coronavirus #DowJones #StockMarketCrash2020",,,#china #COVID2019 #FederalReserve #StockMarket #CryptoNews #coronavirus #DowJones #StockMarketCrash2020,1242434147101990919,https://twitter.com/ShiekhYasir3/status/1242434147101990919
2020-03-24 12:07:47,swissjeansfreak,,0,0,2,"Home Office because of the Covid-19 (Corona) virus. At least the weather is incredible, so I can‘t wait for a nice jogging round later this afternoon #vintage #heavyused #heaviestused #heavyworn… https://www.instagram.com/p/B-HaXOjJ9Bi/?igshid=1mxp59lhhbuio",,,#vintage #heavyused #heaviestused #heavyworn,1242422860863463424,https://twitter.com/swissjeansfreak/status/1242422860863463424
2020-03-24 12:06:16,Mario643,,0,0,0,"Our Minibands are also a great way to use at Home during this lockdown Bring your Indoor Fitness Training to the next level! • • • #myophysio #minibands #fitness #covid_19 #covid #coronavirus #zurich #basel… https://www.instagram.com/p/B-HaMF9ACQw/?igshid=ze10t4yea3lh",,,#myophysio #minibands #fitness #covid_19 #covid #coronavirus #zurich #basel,1242422476988129280,https://twitter.com/Mario643/status/1242422476988129280
2020-03-24 11:30:44,yannick,disclosetv,0,0,1,"More symbolic crap from Western countries that does ZERO to combat the virus. How about: ""French citizens are also invited to WEAR A MASK as a sign of solidarity against the coronavirus"" ",,,,1242413537739374592,https://twitter.com/yannick/status/1242413537739374592
2020-03-24 10:21:19,Felix3S,,0,0,0,"From McKinsey Insights: What food retailers should do during the coronavirus crisis ",,,,1242396066928103424,https://twitter.com/Felix3S/status/1242396066928103424
2020-03-24 09:48:19,Aegethir,,1,0,0,"The rest of Europe views the UK's coronavirus plan with disbelief | Giles Tremlett ",,,,1242387759979008000,https://twitter.com/Aegethir/status/1242387759979008000
2020-03-24 08:22:41,catherine121071,,0,0,0,"FIFA and WHO launch five key tactics to tackle coronavirus https://youtu.be/7Vwd5qVrOZ0 via @YouTube",,@YouTube,,1242366210886508553,https://twitter.com/catherine121071/status/1242366210886508553
2020-03-24 07:27:45,swisslakeview,,0,0,0,"#walkalone hope by summer this #coronavirus will be history and we can enjoy such hikes with family and friends again #summermemories from beautiful schilthorn_pizgloria area @spiridonpet uniladadventure… https://www.instagram.com/p/B-G6T7wjs8p/?igshid=eplvqsw887rq",,@spiridonpet,#walkalone #coronavirus #summermemories,1242352388096364544,https://twitter.com/swisslakeview/status/1242352388096364544
2020-03-24 07:04:11,intensoblade,RudyGiuliani,0,0,0,"And since when is Malaria the same as the Coronavirus?? You are dumb as hell and really, since when do you have a hole, where others have a heart? #GiulianiWantsToMurderAmericans",,,#GiulianiWantsToMurderAmericans,1242346456872366080,https://twitter.com/intensoblade/status/1242346456872366080
2020-03-24 06:37:52,ipigorpetrov,,0,0,0,"Swiss hospitals to take French coronavirus patients ",,,,1242339833021898753,https://twitter.com/ipigorpetrov/status/1242339833021898753
2020-03-24 06:28:32,stefanoparrella,,1,0,0,"Fonte: @Corriere del 23/03 #COVIDー19 #Coronavid19 #COVID2019 #COVID #coronavirus #coronavirusitalia #chiudetetutto #COVID19italia",,@Corriere,#COVID #Coronavid19 #COVID2019 #COVID #coronavirus #coronavirusitalia #chiudetetutto #COVID19italia,1242337485885227017,https://twitter.com/stefanoparrella/status/1242337485885227017
2020-03-24 06:27:12,sms2sms,,0,0,0,"solche flashmobs wären #CoronaVirus kompatibel https://youtu.be/tB3v6uZb6a8 #HausDesGeldes wenn für jene geld gedeuckt wird, welche gross, stark, gut organisiert sind. (so?) @alain_berset @s_sommaruga",,@alain_berset @s_sommaruga,#CoronaVirus #HausDesGeldes,1242337148860125184,https://twitter.com/sms2sms/status/1242337148860125184
2020-03-24 06:01:31,lammGODlet,,0,0,0,"NATÜRLICH möchte Trump die Massnahmen gegen den #coronavirus bereits nach 15 Tagen wieder lockern! Wer hätte das gedacht?! ",,,#coronavirus,1242330686293450752,https://twitter.com/lammGODlet/status/1242330686293450752
2020-03-24 05:52:00,MaxScherrer1,,0,0,0,"Bund startet das grösste großzügiges 42 Milliarden schweres #Soforthilfe Paket zur Deckung Coronavirus entstandene Schulden ich hoffe das kein #Missbrauch entsteht und das alle sofort profitieren die es brauchen.",,,#Soforthilfe #Missbrauch,1242328290616135682,https://twitter.com/MaxScherrer1/status/1242328290616135682
2020-03-24 05:33:49,aldonago,kanton_bern,0,0,0,"Bänkli sind in der Türkei schon länger weg, doch dort stellen sich ältere Leute oft unwissend, spielen sogar Karten und bringen halt eigene Stühle mit. #coronavirus",,,#coronavirus,1242323713758040065,https://twitter.com/aldonago/status/1242323713758040065
2020-03-24 00:33:12,intensoblade,WhiteHouse,0,0,0,"Trump and his Lemmings are the only ones using the Coronavirus as a weapon!!!!",,,,1242248063927934978,https://twitter.com/intensoblade/status/1242248063927934978
